0,1
هجوم روس,7.75
هجوم روسيه,7.75
هجوم روسي,7.75
غزو روس,5.25
غزو روسيه,5.25
غزو روسي,5.25
فشل روس,9.75
فشل روسيه,9.75
فشل روسي,9.75
ادعاء روس,9.0
ادعاء روسيه,9.0
ادعاء روسي,9.0
جريمه روس,4.25
جريمه روسيه,4.25
جريمه روسي,4.25
جرم روس,5.75
جرم روسيه,5.75
جرم روسي,5.75
جرائم روس,9.5
جرائم روسيه,9.5
جرائم روسي,9.5
سقوط روس,8.75
سقوط روسيه,8.75
سقوط روسي,8.75
خسائر روس,5.25
خسائر روسيه,5.25
خسائر روسي,5.25
وحشيه روس,4.75
وحشيه روسيه,4.75
وحشيه روسي,4.75
فقدت روس,9.25
فقدت روسيه,9.25
فقدت روسي,9.25
ارهاب روس,5.5
ارهاب روسيه,5.5
ارهاب روسي,5.5
احتلال روس,8.5
احتلال روسيه,8.5
احتلال روسي,8.5
قصف روس,2.25
قصف روسيه,2.25
قصف روسي,2.25
عدو روس,8.5
عدو روسيه,8.5
عدو روسي,8.5
عمليه روس,4.75
عمليه روسيه,4.75
عمليه روسي,4.75
اعتداء روس,9.25
اعتداء روسيه,9.25
اعتداء روسي,9.25
تقدم روس,-8.75
تقدم روسيه,-8.75
تقدم روسي,-8.75
انتصار روس,-5.75
انتصار روسيه,-5.75
انتصار روسي,-5.75
مكاسب روس,-7.25
مكاسب روسيه,-7.25
مكاسب روسي,-7.25
نجاح روس,-4.75
نجاح روسيه,-4.75
نجاح روسي,-4.75
سيطره روس,-9.5
سيطره روسيه,-9.5
سيطره روسي,-9.5
استنزاف روس,8.5
استنزاف روسيه,8.5
استنزاف روسي,8.5
تحيا روس,2.25
تحيا روسيه,2.25
تحيا روسي,2.25
الام روس,6.25
الام روسيه,6.25
الام روسي,6.25
فوز روس,-4.25
فوز روسيه,-4.25
فوز روسي,-4.25
دفاع روس,-2.5
دفاع روسيه,-2.5
دفاع روسي,-2.5
وهجوم روس,3.0
وهجوم روسيه,3.0
وهجوم روسي,3.0
بهجوم روس,3.0
بهجوم روسيه,3.0
بهجوم روسي,3.0
لهجوم روس,3.0
لهجوم روسيه,3.0
لهجوم روسي,3.0
هجم روس,3.0
هجم روسيه,3.0
هجم روسي,3.0
وغزو روس,7.25
وغزو روسيه,7.25
وغزو روسي,7.25
اجتياح روس,5.25
اجتياح روسيه,5.25
اجتياح روسي,5.25
لغزو روس,7.25
لغزو روسيه,7.25
لغزو روسي,7.25
استعمار روس,5.25
استعمار روسيه,5.25
استعمار روسي,5.25
واحتلال روس,7.25
واحتلال روسيه,7.25
واحتلال روسي,7.25
وفشل روس,6.0
وفشل روسيه,6.0
وفشل روسي,6.0
اخفاق روس,9.75
اخفاق روسيه,9.75
اخفاق روسي,9.75
لفشل روس,6.0
لفشل روسيه,6.0
لفشل روسي,6.0
فششل روس,6.0
فششل روسيه,6.0
فششل روسي,6.0
وادعاء روس,7.0
وادعاء روسيه,7.0
وادعاء روسي,7.0
بادعاء روس,7.0
بادعاء روسيه,7.0
بادعاء روسي,7.0
وجريمه روس,9.5
وجريمه روسيه,9.5
وجريمه روسي,9.5
جنايه روس,9.5
جنايه روسيه,9.5
جنايه روسي,9.5
لجريمه روس,9.5
لجريمه روسيه,9.5
لجريمه روسي,9.5
بجريمه روس,9.5
بجريمه روسيه,9.5
بجريمه روسي,9.5
مجزره روس,9.5
مجزره روسيه,9.5
مجزره روسي,9.5
مذبحه روس,9.5
مذبحه روسيه,9.5
مذبحه روسي,9.5
مجازر روس,4.25
مجازر روسيه,4.25
مجازر روسي,4.25
انتهاك روس,4.25
انتهاك روسيه,4.25
انتهاك روسي,4.25
لجرائم روس,4.25
لجرائم روسيه,4.25
لجرائم روسي,4.25
بجرائم روس,4.25
بجرائم روسيه,4.25
بجرائم روسي,4.25
جرايم روس,4.25
جرايم روسيه,4.25
جرايم روسي,4.25
وسقوط روس,8.75
وسقوط روسيه,8.75
وسقوط روسي,8.75
لسقوط روس,8.75
لسقوط روسيه,8.75
لسقوط روسي,8.75
انهيار روس,8.75
انهيار روسيه,8.75
انهيار روسي,8.75
بسقوط روس,8.75
بسقوط روسيه,8.75
بسقوط روسي,8.75
احتراق روس,8.75
احتراق روسيه,8.75
احتراق روسي,8.75
وخسائر روس,5.25
وخسائر روسيه,5.25
وخسائر روسي,5.25
بخسائر روس,5.25
بخسائر روسيه,5.25
بخسائر روسي,5.25
اصاب روس,5.25
اصاب روسيه,5.25
اصاب روسي,5.25
همجيه روس,4.75
همجيه روسيه,4.75
همجيه روسي,4.75
وعنف روس,4.75
وعنف روسيه,4.75
وعنف روسي,4.75
ودمويه روس,4.75
ودمويه روسيه,4.75
ودمويه روسي,4.75
اجرام روس,4.75
اجرام روسيه,4.75
اجرام روسي,4.75
دمويه روس,4.75
دمويه روسيه,4.75
دمويه روسي,4.75
وفقدت روس,9.25
وفقدت روسيه,9.25
وفقدت روسي,9.25
خسرت روس,9.25
خسرت روسيه,9.25
خسرت روسي,9.25
تفقد روس,9.25
تفقد روسيه,9.25
تفقد روسي,9.25
افتقدت روس,9.25
افتقدت روسيه,9.25
افتقدت روسي,9.25
تهجم روس,7.75
تهجم روسيه,7.75
تهجم روسي,7.75
تطرف روس,5.5
تطرف روسيه,5.5
تطرف روسي,5.5
فساد روس,5.5
فساد روسيه,5.5
فساد روسي,5.5
قذائف روس,2.25
قذائف روسيه,2.25
قذائف روسي,2.25
قصفه روس,2.25
قصفه روسيه,2.25
قصفه روسي,2.25
غار روس,2.25
غار روسيه,2.25
غار روسي,2.25
عدوا روس,6.25
عدوا روسيه,6.25
عدوا روسي,6.25
مستعمر روس,6.25
مستعمر روسيه,6.25
مستعمر روسي,6.25
عملي روس,4.75
عملي روسيه,4.75
عملي روسي,4.75
بعمليه روس,4.75
بعمليه روسيه,4.75
بعمليه روسي,4.75
لعملي روس,4.75
لعملي روسيه,4.75
لعملي روسي,4.75
وعمليه روس,4.75
وعمليه روسيه,4.75
وعمليه روسي,4.75
وعملي روس,4.75
وعملي روسيه,4.75
وعملي روسي,4.75
بعملي روس,4.75
بعملي روسيه,4.75
بعملي روسي,4.75
تعدي روس,9.25
تعدي روسيه,9.25
تعدي روسي,9.25
وتقدم روس,7.75
وتقدم روسيه,7.75
وتقدم روسي,7.75
تتقدم روس,7.75
تتقدم روسيه,7.75
تتقدم روسي,7.75
تقدمت روس,7.75
تقدمت روسيه,7.75
تقدمت روسي,7.75
وانتصار روس,5.25
وانتصار روسيه,5.25
وانتصار روسي,5.25
انتصارا روس,5.25
انتصارا روسيه,5.25
انتصارا روسي,5.25
بانتصار روس,5.25
بانتصار روسيه,5.25
بانتصار روسي,5.25
ومكاسب روس,9.75
ومكاسب روسيه,9.75
ومكاسب روسي,9.75
انجاز روس,9.0
انجاز روسيه,9.0
انجاز روسي,9.0
لنجاح روس,9.0
لنجاح روسيه,9.0
لنجاح روسي,9.0
ونجاح روس,9.0
ونجاح روسيه,9.0
ونجاح روسي,9.0
نجاحه روس,9.0
نجاحه روسيه,9.0
نجاحه روسي,9.0
سيطرت روس,5.5
سيطرت روسيه,5.5
سيطرت روسي,5.5
وسيطره روس,5.5
وسيطره روسيه,5.5
وسيطره روسي,5.5
سيطرته روس,5.5
سيطرته روسيه,5.5
سيطرته روسي,5.5
استيلاء روس,5.5
استيلاء روسيه,5.5
استيلاء روسي,5.5
واستنزاف روس,8.5
واستنزاف روسيه,8.5
واستنزاف روسي,8.5
انهاك روس,8.5
انهاك روسيه,8.5
انهاك روسي,8.5
لاستنزاف روس,8.5
لاستنزاف روسيه,8.5
لاستنزاف روسي,8.5
وتح روس,2.25
وتح روسيه,2.25
وتح روسي,2.25
لتح روس,2.25
لتح روسيه,2.25
لتح روسي,2.25
يحيا روس,2.25
يحيا روسيه,2.25
يحيا روسي,2.25
والام روس,6.25
والام روسيه,6.25
والام روسي,6.25
ام روس,6.25
ام روسيه,6.25
ام روسي,6.25
وفوز روس,-4.25
وفوز روسيه,-4.25
وفوز روسي,-4.25
بفوز روس,-4.25
بفوز روسيه,-4.25
بفوز روسي,-4.25
لفوز روس,-4.25
لفوز روسيه,-4.25
لفوز روسي,-4.25
يفوز روس,-4.25
يفوز روسيه,-4.25
يفوز روسي,-4.25
تحسن روس,-8.75
تحسن روسيه,-8.75
تحسن روسي,-8.75
تطوير روس,-8.75
تطوير روسيه,-8.75
تطوير روسي,-8.75
انتصاره روس,-5.75
انتصاره روسيه,-5.75
انتصاره روسي,-5.75
تحدي روس,-5.75
تحدي روسيه,-5.75
تحدي روسي,-5.75
مكتسب روس,-7.25
مكتسب روسيه,-7.25
مكتسب روسي,-7.25
تفوق روس,-4.75
تفوق روسيه,-4.75
تفوق روسي,-4.75
لدفاع روس,-2.5
لدفاع روسيه,-2.5
لدفاع روسي,-2.5
فالدفاع روس,-2.5
فالدفاع روسيه,-2.5
فالدفاع روسي,-2.5
تسيطر روس,-9.5
تسيطر روسيه,-9.5
تسيطر روسي,-9.5
وتسيطر روس,-9.5
وتسيطر روسيه,-9.5
وتسيطر روسي,-9.5
مقاومه اوكران,5.5
مقاومه اوكرانيه,5.5
مقاومه اوكرا,5.5
صمود اوكران,7.75
صمود اوكرانيه,7.75
صمود اوكرا,7.75
ازمه اوكران,5.75
ازمه اوكرانيه,5.75
ازمه اوكرا,5.75
دمار اوكران,4.5
دمار اوكرانيه,4.5
دمار اوكرا,4.5
تدمير اوكران,4.5
تدمير اوكرانيه,4.5
تدمير اوكرا,4.5
ضرب اوكران,3.75
ضرب اوكرانيه,3.75
ضرب اوكرا,3.75
تحيا اوكران,9.25
تحيا اوكرانيه,9.25
تحيا اوكرا,9.25
حصار اوكران,5.75
حصار اوكرانيه,5.75
حصار اوكرا,5.75
اجتياح اوكران,7.25
اجتياح اوكرانيه,7.25
اجتياح اوكرا,7.25
دعم اوكران,6.25
دعم اوكرانيه,6.25
دعم اوكرا,6.25
تصمد اوكران,8.5
تصمد اوكرانيه,8.5
تصمد اوكرا,8.5
ومقاومه اوكران,5.75
ومقاومه اوكرانيه,5.75
ومقاومه اوكرا,5.75
بمقاومه اوكران,5.75
بمقاومه اوكرانيه,5.75
بمقاومه اوكرا,5.75
لمقاومه اوكران,5.75
لمقاومه اوكرانيه,5.75
لمقاومه اوكرا,5.75
وصمود اوكران,6.25
وصمود اوكرانيه,6.25
وصمود اوكرا,6.25
بصمود اوكران,6.25
بصمود اوكرانيه,6.25
بصمود اوكرا,6.25
ازم اوكران,5.5
ازم اوكرانيه,5.5
ازم اوكرا,5.5
وازمه اوكران,5.5
وازمه اوكرانيه,5.5
وازمه اوكرا,5.5
معضله اوكران,5.5
معضله اوكرانيه,5.5
معضله اوكرا,5.5
بازمه اوكران,5.5
بازمه اوكرانيه,5.5
بازمه اوكرا,5.5
كارثه اوكران,5.5
كارثه اوكرانيه,5.5
كارثه اوكرا,5.5
مشكل اوكران,5.5
مشكل اوكرانيه,5.5
مشكل اوكرا,5.5
ودمار اوكران,4.5
ودمار اوكرانيه,4.5
ودمار اوكرا,4.5
خراب اوكران,4.5
خراب اوكرانيه,4.5
خراب اوكرا,4.5
بدمار اوكران,4.5
بدمار اوكرانيه,4.5
بدمار اوكرا,4.5
وتدمير اوكران,4.5
وتدمير اوكرانيه,4.5
وتدمير اوكرا,4.5
لتدمير اوكران,4.5
لتدمير اوكرانيه,4.5
لتدمير اوكرا,4.5
احراق اوكران,4.5
احراق اوكرانيه,4.5
احراق اوكرا,4.5
اقتحام اوكران,4.5
اقتحام اوكرانيه,4.5
اقتحام اوكرا,4.5
هدم اوكران,4.5
هدم اوكرانيه,4.5
هدم اوكرا,4.5
يضرب اوكران,3.75
يضرب اوكرانيه,3.75
يضرب اوكرا,3.75
بيضرب اوكران,3.75
بيضرب اوكرانيه,3.75
بيضرب اوكرا,3.75
ضربو اوكران,3.75
ضربو اوكرانيه,3.75
ضربو اوكرا,3.75
بضرب اوكران,3.75
بضرب اوكرانيه,3.75
بضرب اوكرا,3.75
وتح اوكران,9.25
وتح اوكرانيه,9.25
وتح اوكرا,9.25
لتح اوكران,9.25
لتح اوكرانيه,9.25
لتح اوكرا,9.25
يحيا اوكران,9.25
يحيا اوكرانيه,9.25
يحيا اوكرا,9.25
وحصار اوكران,6.0
وحصار اوكرانيه,6.0
وحصار اوكرا,6.0
حصاره اوكران,6.0
حصاره اوكرانيه,6.0
حصاره اوكرا,6.0
لحصار اوكران,6.0
لحصار اوكرانيه,6.0
لحصار اوكرا,6.0
محاصره اوكران,6.0
محاصره اوكرانيه,6.0
محاصره اوكرا,6.0
احتلال اوكران,7.25
احتلال اوكرانيه,7.25
احتلال اوكرا,7.25
غزو اوكران,7.25
غزو اوكرانيه,7.25
غزو اوكرا,7.25
لاجتياح اوكران,7.25
لاجتياح اوكرانيه,7.25
لاجتياح اوكرا,7.25
لاحتلال اوكران,7.25
لاحتلال اوكرانيه,7.25
لاحتلال اوكرا,7.25
احتلاله اوكران,7.25
احتلاله اوكرانيه,7.25
احتلاله اوكرا,7.25
دعمه اوكران,6.25
دعمه اوكرانيه,6.25
دعمه اوكرا,6.25
مسانده اوكران,6.25
مسانده اوكرانيه,6.25
مسانده اوكرا,6.25
ودعم اوكران,6.25
ودعم اوكرانيه,6.25
ودعم اوكرا,6.25
لدعم اوكران,6.25
لدعم اوكرانيه,6.25
لدعم اوكرا,6.25
ودعمه اوكران,6.25
ودعمه اوكرانيه,6.25
ودعمه اوكرا,6.25
بدعم اوكران,6.25
بدعم اوكرانيه,6.25
بدعم اوكرا,6.25
لدعمه اوكران,6.25
لدعمه اوكرانيه,6.25
لدعمه اوكرا,6.25
يصمد اوكران,8.5
يصمد اوكرانيه,8.5
يصمد اوكرا,8.5
تتماسك اوكران,8.5
تتماسك اوكرانيه,8.5
تتماسك اوكرا,8.5
نضال اوكران,7.75
نضال اوكرانيه,7.75
نضال اوكرا,7.75
كفاح اوكران,7.75
كفاح اوكرانيه,7.75
كفاح اوكرا,7.75
مواجهه امريكا,-4.25
مواجهه امريكيه,-4.25
مواجهه امريكي,-4.25
مواجهه غرب,-4.25
مواجهه غربيه,-4.25
مواجهه غربي,-4.25
عبيد امريكا,-8.75
عبيد امريكيه,-8.75
عبيد امريكي,-8.75
عبيد غرب,-8.75
عبيد غربيه,-8.75
عبيد غربي,-8.75
عنصريه امريكا,-8.75
عنصريه امريكيه,-8.75
عنصريه امريكي,-8.75
عنصريه غرب,-8.75
عنصريه غربيه,-8.75
عنصريه غربي,-8.75
شعار امريكا,-7.0
شعار امريكيه,-7.0
شعار امريكي,-7.0
شعار غرب,-7.0
شعار غربيه,-7.0
شعار غربي,-7.0
ادعاء امريكا,-7.25
ادعاء امريكيه,-7.25
ادعاء امريكي,-7.25
ادعاء غرب,-7.25
ادعاء غربيه,-7.25
ادعاء غربي,-7.25
نفاق امريكا,-8.5
نفاق امريكيه,-8.5
نفاق امريكي,-8.5
نفاق غرب,-8.5
نفاق غربيه,-8.5
نفاق غربي,-8.5
بلطجه امريكا,-9.0
بلطجه امريكيه,-9.0
بلطجه امريكي,-9.0
بلطجه غرب,-9.0
بلطجه غربيه,-9.0
بلطجه غربي,-9.0
ارهاب امريكا,-9.5
ارهاب امريكيه,-9.5
ارهاب امريكي,-9.5
ارهاب غرب,-9.5
ارهاب غربيه,-9.5
ارهاب غربي,-9.5
بمواجهه امريكا,-4.25
بمواجهه امريكيه,-4.25
بمواجهه امريكي,-4.25
بمواجهه غرب,-4.25
بمواجهه غربيه,-4.25
بمواجهه غربي,-4.25
لمواجهه امريكا,-4.25
لمواجهه امريكيه,-4.25
لمواجهه امريكي,-4.25
لمواجهه غرب,-4.25
لمواجهه غربيه,-4.25
لمواجهه غربي,-4.25
مواجهته امريكا,-4.25
مواجهته امريكيه,-4.25
مواجهته امريكي,-4.25
مواجهته غرب,-4.25
مواجهته غربيه,-4.25
مواجهته غربي,-4.25
ومواجهه امريكا,-4.25
ومواجهه امريكيه,-4.25
ومواجهه امريكي,-4.25
ومواجهه غرب,-4.25
ومواجهه غربيه,-4.25
ومواجهه غربي,-4.25
لعبيد امريكا,-8.75
لعبيد امريكيه,-8.75
لعبيد امريكي,-8.75
لعبيد غرب,-8.75
لعبيد غربيه,-8.75
لعبيد غربي,-8.75
بعبيد امريكا,-8.75
بعبيد امريكيه,-8.75
بعبيد امريكي,-8.75
بعبيد غرب,-8.75
بعبيد غربيه,-8.75
بعبيد غربي,-8.75
وعنصريه امريكا,-8.25
وعنصريه امريكيه,-8.25
وعنصريه امريكي,-8.25
وعنصريه غرب,-8.25
وعنصريه غربيه,-8.25
وعنصريه غربي,-8.25
عنصري امريكا,-8.25
عنصري امريكيه,-8.25
عنصري امريكي,-8.25
عنصري غرب,-8.25
عنصري غربيه,-8.25
عنصري غربي,-8.25
وشعار امريكا,-7.0
وشعار امريكيه,-7.0
وشعار امريكي,-7.0
وشعار غرب,-7.0
وشعار غربيه,-7.0
وشعار غربي,-7.0
لافت امريكا,-7.0
لافت امريكيه,-7.0
لافت امريكي,-7.0
لافت غرب,-7.0
لافت غربيه,-7.0
لافت غربي,-7.0
بشعار امريكا,-7.0
بشعار امريكيه,-7.0
بشعار امريكي,-7.0
بشعار غرب,-7.0
بشعار غربيه,-7.0
بشعار غربي,-7.0
يافط امريكا,-7.0
يافط امريكيه,-7.0
يافط امريكي,-7.0
يافط غرب,-7.0
يافط غربيه,-7.0
يافط غربي,-7.0
لشعار امريكا,-7.0
لشعار امريكيه,-7.0
لشعار امريكي,-7.0
لشعار غرب,-7.0
لشعار غربيه,-7.0
لشعار غربي,-7.0
شعارات امريكا,-7.0
شعارات امريكيه,-7.0
شعارات امريكي,-7.0
شعارات غرب,-7.0
شعارات غربيه,-7.0
شعارات غربي,-7.0
وادعاء امريكا,-7.5
وادعاء امريكيه,-7.5
وادعاء امريكي,-7.5
وادعاء غرب,-7.5
وادعاء غربيه,-7.5
وادعاء غربي,-7.5
بادعاء امريكا,-7.5
بادعاء امريكيه,-7.5
بادعاء امريكي,-7.5
بادعاء غرب,-7.5
بادعاء غربيه,-7.5
بادعاء غربي,-7.5
ونفاق امريكا,-8.5
ونفاق امريكيه,-8.5
ونفاق امريكي,-8.5
ونفاق غرب,-8.5
ونفاق غربيه,-8.5
ونفاق غربي,-8.5
تزيف امريكا,-8.5
تزيف امريكيه,-8.5
تزيف امريكي,-8.5
تزيف غرب,-8.5
تزيف غربيه,-8.5
تزيف غربي,-8.5
كذب امريكا,-8.5
كذب امريكيه,-8.5
كذب امريكي,-8.5
كذب غرب,-8.5
كذب غربيه,-8.5
كذب غربي,-8.5
تدليس امريكا,-8.5
تدليس امريكيه,-8.5
تدليس امريكي,-8.5
تدليس غرب,-8.5
تدليس غربيه,-8.5
تدليس غربي,-8.5
وبلطجه امريكا,-9.0
وبلطجه امريكيه,-9.0
وبلطجه امريكي,-9.0
وبلطجه غرب,-9.0
وبلطجه غربيه,-9.0
وبلطجه غربي,-9.0
بلطجيه امريكا,-9.0
بلطجيه امريكيه,-9.0
بلطجيه امريكي,-9.0
بلطجيه غرب,-9.0
بلطجيه غربيه,-9.0
بلطجيه غربي,-9.0
وساخه امريكا,-9.0
وساخه امريكيه,-9.0
وساخه امريكي,-9.0
وساخه غرب,-9.0
وساخه غربيه,-9.0
وساخه غربي,-9.0
وارهاب امريكا,-9.5
وارهاب امريكيه,-9.5
وارهاب امريكي,-9.5
وارهاب غرب,-9.5
وارهاب غربيه,-9.5
وارهاب غربي,-9.5
ترهيب امريكا,-9.5
ترهيب امريكيه,-9.5
ترهيب امريكي,-9.5
ترهيب غرب,-9.5
ترهيب غربيه,-9.5
ترهيب غربي,-9.5
واجرام امريكا,-9.5
واجرام امريكيه,-9.5
واجرام امريكي,-9.5
واجرام غرب,-9.5
واجرام غربيه,-9.5
واجرام غربي,-9.5
بارهاب امريكا,-9.5
بارهاب امريكيه,-9.5
بارهاب امريكي,-9.5
بارهاب غرب,-9.5
بارهاب غربيه,-9.5
بارهاب غربي,-9.5
مدعي امريكا,-7.25
مدعي امريكيه,-7.25
مدعي امريكي,-7.25
مدعي غرب,-7.25
مدعي غربيه,-7.25
مدعي غربي,-7.25
تملق امريكا,-8.5
تملق امريكيه,-8.5
تملق امريكي,-8.5
تملق غرب,-8.5
تملق غربيه,-8.5
تملق غربي,-8.5
خسه امريكا,-8.5
خسه امريكيه,-8.5
خسه امريكي,-8.5
خسه غرب,-8.5
خسه غربيه,-8.5
خسه غربي,-8.5
تطرف امريكا,-9.5
تطرف امريكيه,-9.5
تطرف امريكي,-9.5
تطرف غرب,-9.5
تطرف غربيه,-9.5
تطرف غربي,-9.5
فساد امريكا,-9.5
فساد امريكيه,-9.5
فساد امريكي,-9.5
فساد غرب,-9.5
فساد غربيه,-9.5
فساد غربي,-9.5
طائفيه امريكا,-8.75
طائفيه امريكيه,-8.75
طائفيه امريكي,-8.75
طائفيه غرب,-8.75
طائفيه غربيه,-8.75
طائفيه غربي,-8.75
ازدواجيه امريكا,-8.75
ازدواجيه امريكيه,-8.75
ازدواجيه امريكي,-8.75
ازدواجيه غرب,-8.75
ازدواجيه غربيه,-8.75
ازدواجيه غربي,-8.75
بوت مجرم,9.75
بوت قاتل,9.75
عقوب اقتصاديه,5.5
عقوب سياسيه,5.5
حقوق انس,5.75
ردع شعبي,8.25
هجوم بربري,8.5
هجوم عنيف,8.5
مساعد,5.0
اجلاء,3.0
اخلاء,3.0
غزاه روس,8.0
رفض حرب,7.5
دماء مدن,7.75
عمل اجرامي,7.25
مجزره,7.75
اوكران تدافع,7.0
زيلنسكي بطل,9.0
زيلنسكي عظيم,9.0
قان دولي,3.25
مظاهر,3.5
احتلت,5.0
ضد هجوم,4.5
نحذر,3.0
غاشم,4.5
اباده جماعيه,6.25
دوله منبوذه,4.0
حرب عصاب,4.5
سور,4.5
وزير خارجيه اوكران,2.5
اوكران تنزف,7.25
عواقب اقتصاديه,4.25
روس معتديه,8.25
روس معتد,8.25
اوكران تقاوم,5.75
جرائم حرب,6.5
جريمه حرب,6.5
لعن الله روس,8.5
لعن الله بوت,8.5
تهديد لاوكران,5.5
ارهاب لاوكران,5.5
روس تهجم,3.75
روس تغزو,7.25
روس تفشل,6.0
روس تجرم,9.5
روس تسقط,5.75
روس تخسر,4.25
روس تتوحش,7.75
روس تفقد,4.0
روس تجتاح,3.75
روس تدمر,5.5
روس تحاصر,4.75
اوكران تصمد,6.25
اوكران تدمر,4.5
روس مجرمه,9.25
روس فاشله,9.0
روس خاسره,8.0
عمليه عسكريه,-5.25
عمليه خاصه,-5.25
تحرير,-5.0
دونباس,-5.0
دونيتسك,-5.0
مناطق محرره,-3.0
بوت بطل,-9.75
بوت عظيم,-9.75
صينيه,-5.25
صين,-5.25
عمليه نوعيه,-6.5
مناوش,-2.25
فيتنام,-2.5
افغانس,-2.5
روس تدافع,-5.5
روس عظمي,-7.75
استسلام اوكران,-5.5
فلسط,-4.0
عراق,-4.0
بوت قوات,-5.25
بوت يامر,-4.75
روس تبتلع,-5.25
بوت يصف,-3.5
اوكران ارهاب,-9.5
نفاق دولي,-6.0
انتصار بوت,-8.75
خضوع امريكا,-5.75
خضوع غرب,-5.75
خضوع اوروبا,-5.75
روس لا تقتل,-7.0
روس لا تهاجم,-7.0
روس لا تحتل,-7.0
روس لا تغزو,-7.0
روس لا تدمر,-7.0
لعن الله امريكا,-8.25
لعن الله غرب,-8.25
لعن الله اوروبا,-8.25
لعن الله بايدن,-8.25
تهديد لروس,-4.25
ارهاب لروس,-4.25
تكالب ناتو,-5.0
تكالب غرب,-5.0
تكالب اوروبا,-5.0
دعم غرب,-3.75
دعم امريكا,-3.75
روس تتقدم,-5.0
روس تنتصر,-8.75
روس تكسب,-5.75
روس تنجح,-7.25
روس تسيطر,-6.25
روس متقدمه,-5.0
روس منتصره,-8.75
روس ناجحه,-7.25
روس مسيطره,-6.25
روس كسبانه,-7.25
روس فائزه,-7.25
غرب عنصري,-8.25
امريكا عنصري,-8.25
غرب منافق,-8.5
امريكا منافق,-8.5
غرب بلطجيه,-8.5
امريكا بلطجيه,-8.5
نازي جدد,-5.5
ناز جدد,-5.5
نازيه جديده,-5.5
جرائم اوكرانيه,-9.5
جريمه اوكرانيه,-9.5
جرائم نازيه,-9.5
جريمه نازيه,-9.5
غرب يدعي,-7.5
امريكا تدعي,-7.5
قصف كيف,5.5
حصار كيف,5.5
قصف ماريوبول,5.5
حصار ماريوبول,5.5
حصار خاركيف,5.5
قصف خاركيف,5.5
